{
  "name": "ionic-calendar",
  "version": "0.3.7",
  "homepage": "https://github.com/twinssbc/Ionic-Calendar",
  "authors": [
    "twinssbc <bocong@hotmail.com>"
  ],
  "description": "A calendar directive for Ionic framework",
  "main": [
    "dist/css/calendar.css",
    "dist/js/calendar-tpls.js"
  ],
  "keywords": [
    "ionic",
    "calendar"
  ],
  "dependencies": {
    "ionic": "^1.1.1"
  },
  "license": "MIT",
  "ignore": [
    "lib/",
    "css/",
    "src/",
    "template/",
    ".jshintrc",
    "gruntfile.js",
    "package.json"
  ],
  "_release": "0.3.7",
  "_resolution": {
    "type": "version",
    "tag": "0.3.7",
    "commit": "a57b5a54c65cf9eaca69bf0b94ff3d117be150f8"
  },
  "_source": "https://github.com/twinssbc/Ionic-Calendar.git",
  "_target": "^0.3.7",
  "_originalSource": "ionic-calendar",
  "_direct": true
}